{
  "formula": "n_samples / (n_classes * count_c), computed on the train split only",
  "n_samples": 9989,
  "n_classes": 7,
  "weights": {
    "neutral": 0.3029723991507431,
    "joy": 0.8187033849684452,
    "surprise": 1.1842323651452282,
    "anger": 1.2867448151487826,
    "sadness": 2.089311859443631,
    "disgust": 5.265682656826568,
    "fear": 5.324626865671642
  },
  "counts": {
    "neutral": 4710,
    "joy": 1743,
    "surprise": 1205,
    "anger": 1109,
    "sadness": 683,
    "disgust": 271,
    "fear": 268
  }
}